person_id,username,password,type
7447677,Cristiano.R,3417,admin
9898118,Lionel.M,3615,Member
5662557,Manuel.N,8702,Member
5687866,Robert.L,3675,Member
3557832,Gareth.B,8653,Member
2592572,Thibaut.C,9784,Member
1554306,Eden.H,2849,Member
4788888,Thiago.S,5419,Member
1863421,Sergio.R,3609,Member
4865631,Paul.P,5492,Member
7476758,Antoine.G,0721,Member
3938213,Marco.R,1962,Member
8382345,Toni.K,8914,Member
1042748,Mats.H,9236,Member
1228464,Hugo.L,1024,Member
4850789,Giorgio.C,6208,Member
5484541,Philipp.L,1278,Member
7998314,Gianluigi.B,9471,Member
5086282,Leonardo.B,8254,Member
8466074,Arjen.R,2639
2567260,Paulo.D,4568
8347432,Marco.V,9675
4720327,David.A,4278
7525643,Henrikh.M,3967
2472659,Karim.B,7140
